Date de mise à jour,Id_session,Libelle session,Code,Pipeline,Programme,Date début,Date fin,Total score,Total PRE,Total HOT,Total COLD,Apprenants
2025-03-23,2261411,Audace au féminin,AF2671919570,ongoing,,2025-03-06,2025-03-06,0.0,0.0,0.0,0.0,
2025-03-23,2269549,Coaching individuel_IlaYAO_Promo3_91_ACI-ACD,AF0679105121,ongoing,,2025-03-11,2025-03-11,0.0,0.0,0.0,0.0,Ila  YAO
2025-03-23,2276153,Coaching_individuel_Maimunah-NUHU_Promo3_91_ACI-ACD,AF8110579684,ongoing,,2025-03-14,2025-03-14,0.0,0.0,0.0,0.0,Maimunah  NUHU
2025-03-23,2273491,Coaching_individuel_Nacim_Promo3_92_ACI-ACD,AF6414159970,ongoing,,2025-03-13,2025-03-13,0.0,0.0,0.0,0.0,Nacim BOUFEDJI
2025-03-23,2250490,Coaching individuel_SamiraMAOILI_Promo2_94,AF0784515192,ongoing,,2025-02-27,2025-02-27,0.0,0.0,0.0,0.0,Samira MAOILI
2025-03-23,2248709,Coaching Individuel_Sania_Promo2_94_ACI,AF7315319017,ongoing,,2025-02-26,2025-02-26,0.0,0.0,0.0,0.0,Sania HOUSSEINE 
2025-03-23,2272821,Coaching_individuel_SebastienNIEBA_Promo3_91_ACI-ACD,AF9110599618,ongoing,,2025-03-13,2025-03-13,0.0,0.0,0.0,0.0,Sébastien NIEBA
2025-03-23,2268858,Coaching individuel_YounesMAAROUS_Promo3_91_ACI-ACD,AF0817175896,ongoing,,2025-03-11,2025-03-11,0.0,0.0,0.0,0.0,Elodie Palos
2025-03-23,2267822,Coaching individuel_YounesMAAROUS_Promo3_91_ACI-ACD,AF5121839790,ongoing,,2025-03-11,2025-03-11,0.0,0.0,0.0,0.0,Younes  MAAROUS
2025-03-23,2248684,Coaching Samira Abdallah Promo2_94_ACI,AF0739115051,ongoing,,2025-02-26,2025-02-26,0.0,0.0,0.0,0.0,Samira Abdallah 
2025-03-23,2220927,EventsNetworking_Promo94_ACI_ACD_2025,AF1059928145,ongoing,,2025-02-10,2025-02-10,0.0,0.0,0.0,0.0,"Samira Abdallah , Oury BARRY, Françoise  BATCHAGNA NJANTOU, Ntumba BIAYI, Peggy BOEDE, Karim DJEDID, Saloua ENNAOUIRI, Touhami  GHILANI , Johanne  HONFO, Kahina  KHEMSI, Rayan Lukoki, Samira MAOILI, Marc Mendy , Nafsati Mohamed , Stéphie MOMBILI , Ihsan MTIR, Lorimpo Barthelemy NAMTCHOUGLI, Moussa  TRAORE"
2025-03-23,2208563,Masterclass Promo 2 2025 _ Accelerator Création Individuelle (ACI) ,AF5174091107,ongoing,Accélérateur Création Individuelle (ACI),2025-02-17,2025-04-25,7.59,3.35,9.69,0.0,"Samira Abdallah , Oury BARRY, Françoise  BATCHAGNA NJANTOU, Ntumba BIAYI, Peggy BOEDE, Karim DJEDID, Saloua ENNAOUIRI, Touhami  GHILANI , Johanne  HONFO, Sania HOUSSEINE , Kahina  KHEMSI, Rayan Lukoki, Samira MAOILI, Marc Mendy , Nafsati Mohamed , Stéphie MOMBILI , Ihsan MTIR, Lorimpo Barthelemy NAMTCHOUGLI, Emna RASSAA, Moussa  TRAORE"
2025-03-23,2275891,Masterclass Promo 3 2025 ACI-ACD_91,AF1915640890,ongoing,,2025-03-17,2025-03-20,9.24,0.0,9.32,0.0,"Akouvi AMEGBO, Brice ANCHARAZ, Amina  ASSOUMANI , Kadima KALOMBO, Thomas Kyndir	, Fatima LARGO, Myriam Le Mallo, Sébastien NIEBA, Maimunah  NUHU, Micheal Obineme	, Elodie Palos, Fatoumata SY , Ila  YAO"
2025-03-23,2173461,Promo 2 2025 _ Accelerator Création Développement (ACD) ,AF6411189970,ongoing,Accélérateur Création Développement (ACD) ,2025-02-17,2025-04-25,0.0,0.0,0.0,0.0,
2025-03-23,2283062,RDV 1 Kahina ,AF2110965141,incomplete,,2025-03-19,2025-03-19,0.0,0.0,0.0,0.0,Kahina  KHEMSI
2025-03-23,2211096,RDV_ACI-ACD_Promo91_HONFO_Johanne ,AF9512641030,ongoing,RDVS COACHING ,2025-02-05,2025-02-05,0.0,0.0,0.0,0.0,Johanne  HONFO
2025-03-23,2212455,RDV_ACI-ACD_Promo91_LUKOKI_Rayan_MB FSE ,AF1715059018,ongoing,RDVS COACHING ,2025-02-05,2025-02-05,0.0,0.0,0.0,0.0,Rayan Lukoki
2025-03-23,2210084,RDVdiag_ACI-ACD_Promo91_BATCHAGNA_Françoise Ma session de formation,AF0509165051,ongoing,,2025-02-04,2025-02-04,0.0,0.0,0.0,0.0,Françoise  BATCHAGNA NJANTOU
2025-03-23,2208582,RDVdiag_ACI-ACD_Promo91_BIYAYI_Ntumba,AF1912750540,ongoing,RDVS COACHING ,2025-02-04,2025-02-04,0.0,0.0,0.0,0.0,Ntumba BIAYI
2025-03-23,2209099,RDVdiag_ACI-ACD_Promo91_DJEDID_Karim ,AF6615419014,ongoing,RDVS COACHING ,2025-02-04,2025-02-04,0.0,0.0,0.0,0.0,Karim DJEDID
2025-03-23,2217123,RDV diag_ACI-ACD_Promo91_KHEMSI_Kahina,AF9075401913,ongoing,,2025-02-07,2025-02-07,0.0,0.0,0.0,0.0,Kahina  KHEMSI
2025-03-23,2267506,RDV DIAG AMEGBO Akouvie.,AF7539700311,ongoing,,2025-03-11,2025-03-11,0.0,0.0,0.0,0.0,Akouvi AMEGBO
2025-03-23,2280080,RDV DIAG Amina ASSOUMANI,AF9151015586,ongoing,,2025-03-13,2025-03-13,0.0,0.0,0.0,0.0,Amina  ASSOUMANI 
2025-03-23,2216878,RDV DIAG Barry Ourry,AF8609180510,ongoing,,2025-02-07,2025-02-07,0.0,0.0,0.0,0.0,Oury BARRY
2025-03-23,2229438,RDV DIAG BARTHELEMY NAMTCHOUGLI,AF8613156970,ongoing,,2025-02-12,2025-02-12,0.0,0.0,0.0,0.0,Lorimpo Barthelemy NAMTCHOUGLI
2025-03-23,2280057,RDV DIAG BRICE ANCHARAZ,AF4118150596,ongoing,,2025-03-12,2025-03-12,0.0,0.0,0.0,0.0,Brice ANCHARAZ
2025-03-23,2231221,RDV DIAG Emna,AF9525991910,ongoing,,2025-02-14,2025-02-14,0.0,0.0,0.0,0.0,Emna RASSAA
2025-03-23,2269187,RDV DIAG Fatima LARGO,AF0445615197,ongoing,,2025-03-11,2025-03-11,0.0,0.0,0.0,0.0,Fatima LARGO
2025-03-23,2229280,RDV DIAG Ihsan Mtir,AF5986810551,ongoing,,2025-02-10,2025-02-10,0.0,0.0,0.0,0.0,Ihsan MTIR
2025-03-23,2267802,RDV DIAG Kalomba Kadima,AF1215773890,ongoing,,2025-03-11,2025-03-11,0.0,0.0,0.0,0.0,Kadima KALOMBO
2025-03-23,2280105,RDV Diag Le Malo Myriam,AF4519150517,ongoing,,2025-03-13,2025-03-13,0.0,0.0,0.0,0.0,Myriam Le Mallo
2025-03-23,2229510,RDV DIAG MARC MENDY,AF1066908185,ongoing,,2025-02-14,2025-02-14,0.0,0.0,0.0,0.0,Marc Mendy 
2025-03-23,2211886,RDV DIAG MOMBILI Stéphie,AF1913258500,ongoing,,2025-02-05,2025-02-05,0.0,0.0,0.0,0.0,Stéphie MOMBILI 
2025-03-23,2229608,RDV DIAG Moussa TRAORE,AF1067918165,ongoing,,2025-02-14,2025-02-14,0.0,0.0,0.0,0.0,Moussa  TRAORE
2025-03-23,2229315,RDV DIAG Nafsati Mohamed,AF5569961810,ongoing,,2025-02-11,2025-02-11,0.0,0.0,0.0,0.0,Nafsati Mohamed 
2025-03-23,2229466,RDV DIAG SALOUA,AF9861015137,ongoing,,2025-02-13,2025-02-13,0.0,0.0,0.0,0.0,Saloua ENNAOUIRI
2025-03-23,2229550,RDV DIAG TOUAMI,AF8618158900,ongoing,,2025-02-14,2025-02-14,0.0,0.0,0.0,0.0,Touhami  GHILANI 
2025-03-23,2181387,Rendez-vous Expert BOUBAKAR CAMARA,AF4115180299,ongoing,,2025-01-22,2025-01-22,0.0,0.0,0.0,0.0,Boubakar CAMARA
2025-03-23,2181425,Rendez-vous Expert HENDA KANTE,AF1518192790,ongoing,,2025-01-22,2025-01-22,0.0,0.0,0.0,0.0,Henda  KANTE
2025-03-23,2181461,Rendez-vous expert JADE GUETTARI,AF1098711912,ongoing,,2025-01-24,2025-01-24,0.0,0.0,0.0,0.0,JADE LANA GUETTARI
2025-03-23,2234847,Rendez-vous expert Maryam SOUMARE,AF8949910251,draft,,2025-02-18,2025-02-18,0.0,0.0,0.0,0.0,
2025-03-23,2181442,Rendez-vous Expert OMAR GARBOUZ ,AF1221982170,ongoing,,2025-01-23,2025-01-23,0.0,0.0,0.0,0.0,Omar GARBOUZ
2025-03-23,2181446,Rendez-vous expert ZAHRA AIT TAMALDOU,AF1913287210,ongoing,,2025-01-23,2025-01-23,0.0,0.0,0.0,0.0,Zahra AIT TAMALDOU
